Int 1,String2 2,String2 3,Empty 4,Int 5,Bool 6,Bool 7,Bool 8,Bool 9,Bool 10,Bool 11,Bool 12,Bool 13,Bool 14,Bool 15,Bool 16,String2 17
90001,char_EX-TYRANOMON,chr001,,1,false,false,true,true,true,true,true,false,false,true,false,
90002,char_LUNAMON,chr002,,1,false,false,true,true,true,true,true,false,false,true,false,
90003,char_LEKISMON,chr003,,1,false,false,true,true,true,true,true,false,false,true,false,
90004,char_CRESCEMON,chr004,,1,false,false,true,true,true,true,true,false,false,true,false,
90005,char_GOLEMON,chr005,,1,false,false,true,true,true,true,true,false,false,true,false,
90006,char_SKULLSATAMON,chr006,,1,false,false,true,true,true,true,true,false,false,true,false,
90009,char_HAGURUMON,chr009,,1,false,false,true,true,true,true,true,false,false,true,false,
90010,char_MERAMON,chr010,,1,false,false,true,true,true,true,true,false,false,true,false,
90011,char_AIRDRAMON,chr011,,1,false,false,true,true,true,true,true,false,false,true,false,
90012,char_GARURUMON,chr012,,1,false,false,true,true,true,true,true,false,false,true,false,
90013,char_BAKEMON,chr013,,1,false,false,true,true,true,true,true,false,false,true,false,
90014,char_STARMON,chr014,,1,false,false,true,true,true,true,true,false,false,true,false,
90015,char_AQUILAMON,chr015,,1,false,false,true,true,true,true,true,false,false,true,false,
90016,char_STRIKEDRAMON,chr016,,1,false,false,true,true,true,true,true,false,false,true,false,
90017,char_MINOTAURMON,chr017,,1,false,false,true,true,true,true,true,false,false,true,false,
90019,char_DORUGORAMON,chr019,,1,false,false,true,true,true,true,true,false,false,true,false,
90020,char_TYUMON,chr020,,1,false,false,true,true,true,true,true,false,false,true,false,
90021,char_WHAMON,chr021,,1,false,false,true,true,true,true,true,false,false,true,false,
90023,char_DINOBEEMON,chr023,,1,false,false,true,true,true,true,true,false,false,true,false,
90024,char_MARINEANGEMON,chr024,,1,false,false,true,true,true,true,true,false,false,true,false,
90025,char_RAPTORDRAMON,chr025,,1,false,false,true,true,true,true,true,false,false,true,false,
90026,char_GRADEMON,chr026,,1,false,false,true,true,true,true,true,false,false,true,false,
90027,char_WARGREYMON,chr027,,1,false,false,true,true,true,true,true,false,false,true,false,
90028,char_BIGMAMEMON,chr028,,1,false,false,true,true,true,true,true,false,false,true,false,
90030,char_SANGLOUPMON,chr030,,1,false,false,true,true,true,true,true,false,false,true,false,
90031,char_MATADRMON,chr031,,1,false,false,true,true,true,true,true,false,false,true,false,
90032,char_GRANDDRACUMON,chr032,,1,false,false,true,true,true,true,true,false,false,true,false,
90033,char_TRICERAMON,chr033,,1,false,false,true,true,true,true,true,false,false,true,false,
90034,char_LILITHMON,chr034,,1,false,false,true,true,true,true,true,false,false,true,false,
90035,char_BEELZEBUMON,chr035,,1,false,false,true,true,true,true,true,false,false,true,false,
90036,char_BARBAMON,chr036,,1,false,false,true,true,true,true,true,false,false,true,false,
90037,char_LEVIAMON,chr037,,1,false,false,true,true,true,true,true,false,false,true,false,
90038,char_DEMON,chr038,,1,false,false,true,true,true,true,true,false,false,true,false,
90039,char_LUCEMON_FM,chr039,,1,false,false,true,true,true,true,true,false,false,true,false,
90040,char_BELPHEMON_RM,chr040,,1,false,false,true,true,true,true,true,false,false,true,false,
90041,char_PANDAMON,chr041,,1,false,false,true,true,true,true,true,false,false,true,false,
90042,char_FUNBEEMON,chr042,,1,false,false,true,true,true,true,true,false,false,true,false,
90043,char_BLACKTAILMON,chr043,,1,false,false,true,true,true,true,true,false,false,true,false,
90044,char_CATCHMAMEMON,chr044,,1,false,false,true,true,true,true,true,false,false,true,false,
90045,char_CHRONOMON,chr045,,1,false,false,true,true,true,true,true,false,false,true,false,
90046,char_CHRONOMON_DESTROY,chr046,,1,false,false,true,true,true,true,true,false,false,true,false,
90047,char_MEGIDRAMON,chr047,,1,false,false,true,true,true,true,true,false,false,true,false,
90048,char_GODDRAMON,chr048,,1,false,false,true,true,true,true,true,false,false,true,false,
90049,char_BANCHOLEOMON,chr049,,1,false,false,true,true,true,true,true,false,false,true,false,
90050,char_AGUMON,chr050,,1,false,false,true,true,true,true,true,false,false,true,false,
90051,char_GAWAPPAMON,chr051,,1,false,false,true,true,true,true,true,false,false,true,false,
90052,char_KAMEMON,chr052,,1,false,false,true,true,true,true,true,false,false,true,false,
90053,char_KUDAMON,chr053,,1,false,false,true,true,true,true,true,false,false,true,false,
90054,char_GEOGREYMON,chr054,,1,false,false,true,true,true,true,true,false,false,true,false,
90055,char_GAOMON,chr055,,1,false,false,true,true,true,true,true,false,false,true,false,
90056,char_LALAMON,chr056,,1,false,false,true,true,true,true,true,false,false,true,false,
90057,char_ROSEMON,chr057,,1,false,false,true,true,true,true,true,false,false,true,false,
90058,char_SUNFLOWMON,chr058,,1,false,false,true,true,true,true,true,false,false,true,false,
90059,char_VOLCAMON,chr059,,1,false,false,true,true,true,true,true,false,false,true,false,
90060,char_PILEVOLCAMON,chr060,,1,false,false,true,true,true,true,true,false,false,true,false,
90061,char_MONZAEMON,chr061,,1,false,false,true,true,true,true,true,false,false,true,false,
90068,char_GAOGAMON,chr068,,1,false,false,true,true,true,true,true,false,false,true,false,
90069,char_PLATINUMNUMEMON,chr069,,1,false,false,true,true,true,true,true,false,false,true,false,
90070,char_NUMEMON,chr070,,1,false,false,true,true,true,true,true,false,false,true,false,
90071,char_RIZEGREYMON,chr071,,1,false,false,true,true,true,true,true,false,false,true,false,
90072,char_LEOMON,chr072,,1,false,false,true,true,true,true,true,false,false,true,false,
90073,char_LILAMON,chr073,,1,false,false,true,true,true,true,true,false,false,true,false,
90074,char_MACHGAOGAMON,chr074,,1,false,false,true,true,true,true,true,false,false,true,false,
90075,char_NEPTUNEMON,chr075,,1,false,false,true,true,true,true,true,false,false,true,false,
90076,char_SHAWUJINMON,chr076,,1,false,false,true,true,true,true,true,false,false,true,false,
90077,char_REPPAMON,chr077,,1,false,false,true,true,true,true,true,false,false,true,false,
90078,char_GROWMON,chr078,,1,false,false,true,true,true,true,true,false,false,true,false,
90079,char_SUPERSTARMON,chr079,,1,false,false,true,true,true,true,true,false,false,true,false,
90080,char_MERCURYMON,chr080,,1,false,false,true,true,true,true,true,false,false,true,false,
90081,char_IMPMON,chr081,,1,false,false,true,true,true,true,true,false,false,true,false,
90082,char_HIPPOGRIFFOMON,chr082,,1,false,false,true,true,true,true,true,false,false,true,false,
90083,char_GRIFFOMON,chr083,,1,false,false,true,true,true,true,true,false,false,true,false,
90084,char_TYILINMON,chr084,,1,false,false,true,true,true,true,true,false,false,true,false,
90085,char_VAMDEMON,chr085,,1,false,false,true,true,true,true,true,false,false,true,false,
90086,char_SLEIPMON,chr086,,1,false,false,true,true,true,true,true,false,false,true,false,
90087,char_ANGEMON,chr087,,1,false,false,true,true,true,true,true,false,false,true,false,
90088,char_OMEGAMON,chr088,,1,false,false,true,true,true,true,true,false,false,true,false,
90090,char_GUILMON,chr090,,1,false,false,true,true,true,true,true,false,false,true,false,
90091,char_STINGMON,chr091,,1,false,false,true,true,true,true,true,false,false,true,false,
90092,char_TAILMON,chr092,,1,false,false,true,true,true,true,true,false,false,true,false,
90093,char_DEVIMON,chr093,,1,false,false,true,true,true,true,true,false,false,true,false,
90094,char_SHINEGREYMON,chr094,,1,false,false,true,true,true,true,true,false,false,true,false,
90095,char_MIRAGEGAOGAMON,chr095,,1,false,false,true,true,true,true,true,false,false,true,false,
90096,char_PATAMON,chr096,,1,false,false,true,true,true,true,true,false,false,true,false,
90097,char_PICODEVIMON,chr097,,1,false,false,true,true,true,true,true,false,false,true,false,
90098,char_JUMBOGAMEMON,chr098,,1,false,false,true,true,true,true,true,false,false,true,false,
90100,char_WENDIMON,chr100,,1,false,false,true,true,true,true,true,false,false,true,false,
90101,char_HOLYANGEMON,chr101,,1,false,false,true,true,true,true,true,false,false,true,false,
90102,char_TURUIEMON,chr102,,1,false,false,true,true,true,true,true,false,false,true,false,
90103,char_GANIMON,chr103,,1,false,false,true,true,true,true,true,false,false,true,false,
90104,char_SUSANOOMON,chr104,,1,false,false,true,true,true,true,true,false,false,true,false,
90105,char_DUKEMON_CM,chr105,,1,false,false,true,true,true,true,true,false,false,true,false,
90106,char_ARMAGEMON,chr106,,1,false,false,true,true,true,true,true,false,false,true,false,
90107,char_LADYDEVIMON,chr107,,1,false,false,true,true,true,true,true,false,false,true,false,
90111,char_GOBURIMON,chr111,,1,false,false,true,true,true,true,true,false,false,true,false,
90112,char_DORUMON,chr112,,1,false,false,true,true,true,true,true,false,false,true,false,
90113,char_GOLDNUMEMON,chr113,,1,false,false,true,true,true,true,true,false,false,true,false,
90114,char_V-MON,chr114,,1,false,false,true,true,true,true,true,false,false,true,false,
90115,char_BAOHUCKMON,chr115,,1,false,false,true,true,true,true,true,false,false,true,false,
90116,char_SAVIORHUCKMON,chr116,,1,false,false,true,true,true,true,true,false,false,true,false,
90117,char_VALDURMON,chr117,,1,false,false,true,true,true,true,true,false,false,true,false,
90118,char_CHAOSMONVALDURARM,chr118,,1,false,false,true,true,true,true,true,false,false,true,false,
90126,char_DUKEMON,chr126,,1,false,false,true,true,true,true,true,false,false,true,false,
90127,char_KINGETEMON,chr127,,1,false,false,true,true,true,true,true,false,false,true,false,
90128,char_TYRANTKABUTERIMON,chr128,,1,false,false,true,true,true,true,true,false,false,true,false,
90129,char_DAGOMON,chr129,,1,false,false,true,true,true,true,true,false,false,true,false,
90130,char_COELAMON,chr130,,1,false,false,true,true,true,true,true,false,false,true,false,
90132,char_MEGASEADRAMON,chr132,,1,false,false,true,true,true,true,true,false,false,true,false,
90133,char_WARUSEADRAMON,chr133,,1,false,false,true,true,true,true,true,false,false,true,false,
90134,char_MEGAGROWLMON,chr134,,1,false,false,true,true,true,true,true,false,false,true,false,
90135,char_METALGARURUMON,chr135,,1,false,false,true,true,true,true,true,false,false,true,false,
90136,char_CORONAMON,chr136,,1,false,false,true,true,true,true,true,false,false,true,false,
90137,char_FIRAMON,chr137,,1,false,false,true,true,true,true,true,false,false,true,false,
90138,char_FLAREMON,chr138,,1,false,false,true,true,true,true,true,false,false,true,false,
90139,char_LIGHDRAMON,chr139,,1,false,false,true,true,true,true,true,false,false,true,false,
90140,char_WEREGARURUMON,chr140,,1,false,false,true,true,true,true,true,false,false,true,false,
90141,char_HOLSMON,chr141,,1,false,false,true,true,true,true,true,false,false,true,false,
90142,char_SHURIMON,chr142,,1,false,false,true,true,true,true,true,false,false,true,false,
90144,char_DIGMON,chr144,,1,false,false,true,true,true,true,true,false,false,true,false,
90145,char_SABMARIMON,chr145,,1,false,false,true,true,true,true,true,false,false,true,false,
90146,char_PEGASMON,chr146,,1,false,false,true,true,true,true,true,false,false,true,false,
90147,char_NEFERTIMON,chr147,,1,false,false,true,true,true,true,true,false,false,true,false,
90148,char_ANGEWOMON,chr148,,1,false,false,true,true,true,true,true,false,false,true,false,
90149,char_OROCHIMON,chr149,,1,false,false,true,true,true,true,true,false,false,true,false,
90150,char_CHAOSDUKEMON,chr150,,1,false,false,true,true,true,true,true,false,false,true,false,
90151,char_GABUMON,chr151,,1,false,false,true,true,true,true,true,false,false,true,false,
90162,char_RANAMON,chr162,,1,false,false,true,true,true,true,true,false,false,true,false,
90163,char_CALAMARAMON,chr163,,1,false,false,true,true,true,true,true,false,false,true,false,
90168,char_JUPITERMON,chr168,,1,false,false,true,true,true,true,true,false,false,true,false,
90169,char_JUPITERMON_WRATHMODE,chr169,,1,false,false,true,true,true,true,true,false,false,true,false,
90170,char_JUNOMON,chr170,,1,false,false,true,true,true,true,true,false,false,true,false,
90171,char_JUNOMON_HYSTERICMODE,chr171,,1,false,false,true,true,true,true,true,false,false,true,false,
90172,char_VENUSMON,chr172,,1,false,false,true,true,true,true,true,false,false,true,false,
90173,char_APOLLOMON,chr173,,1,false,false,true,true,true,true,true,false,false,true,false,
90174,char_MARSMON,chr174,,1,false,false,true,true,true,true,true,false,false,true,false,
90176,char_CERESMON,chr176,,1,false,false,true,true,true,true,true,false,false,true,false,
90177,char_BLUEMERAMON,chr177,,1,false,false,true,true,true,true,true,false,false,true,false,
90178,char_VULCANUSMON,chr178,,1,false,false,true,true,true,true,true,false,false,true,false,
90179,char_BACCHUSMON,chr179,,1,false,false,true,true,true,true,true,false,false,true,false,
90180,char_PLUTOMON,chr180,,1,false,false,true,true,true,true,true,false,false,true,false,
90181,char_MERVAMON,chr181,,1,false,false,true,true,true,true,true,false,false,true,false,
90189,char_CERESMON_MEDIUM,chr189,,1,false,false,true,true,true,true,true,false,false,true,false,
90190,char_RYUDAMON,chr190,,1,false,false,true,true,true,true,true,false,false,true,false,
90191,char_GINRYUMON,chr191,,1,false,false,true,true,true,true,true,false,false,true,false,
90192,char_HISYARYUMON,chr192,,1,false,false,true,true,true,true,true,false,false,true,false,
90193,char_OURYUMON,chr193,,1,false,false,true,true,true,true,true,false,false,true,false,
90194,char_GUNDRAMON,chr194,,1,false,false,true,true,true,true,true,false,false,true,false,
90195,char_BEELSTARMON,chr195,,1,false,false,true,true,true,true,true,false,false,true,false,
90196,char_PUKUMON,chr196,,1,false,false,true,true,true,true,true,false,false,true,false,
90197,char_CROSSMON,chr197,,1,false,false,true,true,true,true,true,false,false,true,false,
90198,char_LOCOMON,chr198,,1,false,false,true,true,true,true,true,false,false,true,false,
90199,char_ARCHNEMON,chr199,,1,false,false,true,true,true,true,true,false,false,true,false,
90208,char_DRACOMON,chr208,,1,false,false,true,true,true,true,true,false,false,true,false,
90209,char_COREDRAMON_GR,chr209,,1,false,false,true,true,true,true,true,false,false,true,false,
90210,char_WINGDRAMON,chr210,,1,false,false,true,true,true,true,true,false,false,true,false,
90211,char_GROUNDRAMON,chr211,,1,false,false,true,true,true,true,true,false,false,true,false,
90213,char_SLAYERDRAMON,chr213,,1,false,false,true,true,true,true,true,false,false,true,false,
90214,char_BREAKDRAMON,chr214,,1,false,false,true,true,true,true,true,false,false,true,false,
90215,char_EXAMON,chr215,,1,false,false,true,true,true,true,true,false,false,true,false,
90217,char_DARKSUPERSTARMON,chr217,,1,false,false,true,true,true,true,true,false,false,true,false,
90218,char_COREDRAMON_BL,chr218,,1,false,false,true,true,true,true,true,false,false,true,false,
90219,char_KOTEMON,chr219,,1,false,false,true,true,true,true,true,false,false,true,false,
90220,char_MUSYAMON,chr220,,1,false,false,true,true,true,true,true,false,false,true,false,
90222,char_DOBERMON,chr222,,1,false,false,true,true,true,true,true,false,false,true,false,
90223,char_CERBERUMON,chr223,,1,false,false,true,true,true,true,true,false,false,true,false,
90224,char_CERBERUMON_WEREWOLFMODE,chr224,,1,false,false,true,true,true,true,true,false,false,true,false,
90225,char_ZANBAMON,chr225,,1,false,false,true,true,true,true,true,false,false,true,false,
90226,char_MUMMYMON,chr226,,1,false,false,true,true,true,true,true,false,false,true,false,
90227,char_PHARAOHMON,chr227,,1,false,false,true,true,true,true,true,false,false,true,false,
90228,char_DELTAMON,chr228,,1,false,false,true,true,true,true,true,false,false,true,false,
90229,char_CHIMAIRAMON,chr229,,1,false,false,true,true,true,true,true,false,false,true,false,
90230,char_MILLENNIUMON,chr230,,1,false,false,true,true,true,true,true,false,false,true,false,
90231,char_BAKUMON,chr231,,1,false,false,true,true,true,true,true,false,false,true,false,
90232,char_SIRENMON,chr232,,1,false,false,true,true,true,true,true,false,false,true,false,
90233,char_BELIALVAMDEMON,chr233,,1,false,false,true,true,true,true,true,false,false,true,false,
90234,char_BEARMON,chr234,,1,false,false,true,true,true,true,true,false,false,true,false,
90235,char_GRYZMON,chr235,,1,false,false,true,true,true,true,true,false,false,true,false,
90237,char_ASTAMON,chr237,,1,false,false,true,true,true,true,true,false,false,true,false,
90239,char_SKULLBALUCHIMON,chr239,,1,false,false,true,true,true,true,true,false,false,true,false,
90240,char_OCTMON,chr240,,1,false,false,true,true,true,true,true,false,false,true,false,
90241,char_CHOROMON,chr241,,1,false,false,true,true,true,true,true,false,false,true,false,
90242,char_CAPROMON,chr242,,1,false,false,true,true,true,true,true,false,false,true,false,
90301,char_MEGADRAMON,chr301,,1,false,false,true,true,true,true,true,false,false,true,false,
90302,char_METALGREYMON,chr302,,1,false,false,true,true,true,true,true,false,false,true,false,
90303,char_TENTOMON,chr303,,1,false,false,true,true,true,true,true,false,false,true,false,
90304,char_KABUTERIMON,chr304,,1,false,false,true,true,true,true,true,false,false,true,false,
90305,char_ATLURKABUTERIMON,chr305,,1,false,false,true,true,true,true,true,false,false,true,false,
90306,char_HERCULESKABUTERIMON,chr306,,1,false,false,true,true,true,true,true,false,false,true,false,
90307,char_PIYOMON,chr307,,1,false,false,true,true,true,true,true,false,false,true,false,
90308,char_BIRDRAMON,chr308,,1,false,false,true,true,true,true,true,false,false,true,false,
90309,char_GARUDAMON,chr309,,1,false,false,true,true,true,true,true,false,false,true,false,
90310,char_HOUOUMON,chr310,,1,false,false,true,true,true,true,true,false,false,true,false,
90311,char_ETEMON,chr311,,1,false,false,true,true,true,true,true,false,false,true,false,
90312,char_METALETEMON,chr312,,1,false,false,true,true,true,true,true,false,false,true,false,
90313,char_SUKAMON,chr313,,1,false,false,true,true,true,true,true,false,false,true,false,
90314,char_VEGIMON,chr314,,1,false,false,true,true,true,true,true,false,false,true,false,
90315,char_SERAPHIMON,chr315,,1,false,false,true,true,true,true,true,false,false,true,false,
90316,char_DODOMON,chr316,,1,false,false,true,true,true,true,true,false,false,true,false,
90317,char_BOTAMON,chr317,,1,false,false,true,true,true,true,true,false,false,true,false,
90320,char_POYOMON,chr320,,1,false,false,true,true,true,true,true,false,false,true,false,
90321,char_WANYAMON,chr321,,1,false,false,true,true,true,true,true,false,false,true,false,
90322,char_KOROMON,chr322,,1,false,false,true,true,true,true,true,false,false,true,false,
90325,char_TOKOMON,chr325,,1,false,false,true,true,true,true,true,false,false,true,false,
90326,char_GREYMON,chr326,,1,false,false,true,true,true,true,true,false,false,true,false,
90328,char_APOCLYMON,chr328,,1,false,false,true,true,true,true,true,false,false,true,false,
90338,char_ANCIENTWISETMON,chr338,,1,false,false,true,true,true,true,true,false,false,true,false,
90341,char_GUARDROMON,chr341,,1,false,false,true,true,true,true,true,false,false,true,false,
90342,char_ANDROMON,chr342,,1,false,false,true,true,true,true,true,false,false,true,false,
90343,char_GOMAMON,chr343,,1,false,false,true,true,true,true,true,false,false,true,false,
90344,char_IKKAKUMON,chr344,,1,false,false,true,true,true,true,true,false,false,true,false,
90345,char_ZUDOMON,chr345,,1,false,false,true,true,true,true,true,false,false,true,false,
90346,char_VIKEMON,chr346,,1,false,false,true,true,true,true,true,false,false,true,false,
90347,char_SEADRAMON,chr347,,1,false,false,true,true,true,true,true,false,false,true,false,
90348,char_PALMON,chr348,,1,false,false,true,true,true,true,true,false,false,true,false,
90349,char_TOGEMON,chr349,,1,false,false,true,true,true,true,true,false,false,true,false,
90359,char_LILLYMON,chr359,,1,false,false,true,true,true,true,true,false,false,true,false,
90361,char_PLOTMON,chr361,,1,false,false,true,true,true,true,true,false,false,true,false,
90363,char_TYRANNOMON,chr363,,1,false,false,true,true,true,true,true,false,false,true,false,
90364,char_METALTYRANNOMON,chr364,,1,false,false,true,true,true,true,true,false,false,true,false,
90365,char_XV-MON,chr365,,1,false,false,true,true,true,true,true,false,false,true,false,
90367,char_KUWAGAMON,chr367,,1,false,false,true,true,true,true,true,false,false,true,false,
90368,char_SHELLMON,chr368,,1,false,false,true,true,true,true,true,false,false,true,false,
90369,char_MONOCHROMON,chr369,,1,false,false,true,true,true,true,true,false,false,true,false,
90370,char_YUKIDARUMON,chr370,,1,false,false,true,true,true,true,true,false,false,true,false,
90371,char_MOJYAMON,chr371,,1,false,false,true,true,true,true,true,false,false,true,false,
90372,char_CENTALMON,chr372,,1,false,false,true,true,true,true,true,false,false,true,false,
90373,char_DRIMOGEMON,chr373,,1,false,false,true,true,true,true,true,false,false,true,false,
90374,char_DIGITAMAMON,chr374,,1,false,false,true,true,true,true,true,false,false,true,false,
90375,char_NANIMON,chr375,,1,false,false,true,true,true,true,true,false,false,true,false,
90376,char_TONOSAMAGEKOMON,chr376,,1,false,false,true,true,true,true,true,false,false,true,false,
90377,char_WIZARDMON,chr377,,1,false,false,true,true,true,true,true,false,false,true,false,
90378,char_DELUMON,chr378,,1,false,false,true,true,true,true,true,false,false,true,false,
90379,char_JYUREIMON,chr379,,1,false,false,true,true,true,true,true,false,false,true,false,
90380,char_GERBEMON,chr380,,1,false,false,true,true,true,true,true,false,false,true,false,
90382,char_MAGNAMON,chr382,,1,false,false,true,true,true,true,true,false,false,true,false,
90383,char_RUSTTYRANOMON,chr383,,1,false,false,true,true,true,true,true,false,false,true,false,
90385,char_MUGENDRAMON,chr385,,1,false,false,true,true,true,true,true,false,false,true,false,
90387,char_BUBBMON,chr387,,1,false,false,true,true,true,true,true,false,false,true,false,
90388,char_MOCHIMON,chr388,,1,false,false,true,true,true,true,true,false,false,true,false,
90389,char_BETAMON,chr389,,1,false,false,true,true,true,true,true,false,false,true,false,
90390,char_LUCEMON,chr390,,1,false,false,true,true,true,true,true,false,false,true,false,
90391,char_RENAMON,chr391,,1,false,false,true,true,true,true,true,false,false,true,false,
90392,char_WORMMON,chr392,,1,false,false,true,true,true,true,true,false,false,true,false,
90393,char_WOODMON,chr393,,1,false,false,true,true,true,true,true,false,false,true,false,
90394,char_ORGEMON,chr394,,1,false,false,true,true,true,true,true,false,false,true,false,
90395,char_KYUBIMON,chr395,,1,false,false,true,true,true,true,true,false,false,true,false,
90396,char_DORUGAMON,chr396,,1,false,false,true,true,true,true,true,false,false,true,false,
90397,char_V-DRAMON,chr397,,1,false,false,true,true,true,true,true,false,false,true,false,
90398,char_CLOCKMON,chr398,,1,false,false,true,true,true,true,true,false,false,true,false,
90399,char_GEKOMON,chr399,,1,false,false,true,true,true,true,true,false,false,true,false,
90400,char_AEROVEEDRAMON,chr400,,1,false,false,true,true,true,true,true,false,false,true,false,
90401,char_OKUWAMON,chr401,,1,false,false,true,true,true,true,true,false,false,true,false,
90402,char_GIGADRAMON,chr402,,1,false,false,true,true,true,true,true,false,false,true,false,
90403,char_GRAPLEOMON,chr403,,1,false,false,true,true,true,true,true,false,false,true,false,
90404,char_SKULLGREYMON,chr404,,1,false,false,true,true,true,true,true,false,false,true,false,
90405,char_TAOMON,chr405,,1,false,false,true,true,true,true,true,false,false,true,false,
90406,char_DEATHMERAMON,chr406,,1,false,false,true,true,true,true,true,false,false,true,false,
90407,char_DORUGREYMON,chr407,,1,false,false,true,true,true,true,true,false,false,true,false,
90408,char_PAILDRAMON,chr408,,1,false,false,true,true,true,true,true,false,false,true,false,
90409,char_PANJYAMON,chr409,,1,false,false,true,true,true,true,true,false,false,true,false,
90410,char_PICKLEMON,chr410,,1,false,false,true,true,true,true,true,false,false,true,false,
90411,char_VADEMON,chr411,,1,false,false,true,true,true,true,true,false,false,true,false,
90412,char_MAMEMON,chr412,,1,false,false,true,true,true,true,true,false,false,true,false,
90413,char_METALMAMEMON,chr413,,1,false,false,true,true,true,true,true,false,false,true,false,
90414,char_PARROTMON,chr414,,1,false,false,true,true,true,true,true,false,false,true,false,
90416,char_ALPHAMON,chr416,,1,false,false,true,true,true,true,true,false,false,true,false,
90417,char_ULFORCEVDRAMON,chr417,,1,false,false,true,true,true,true,true,false,false,true,false,
90419,char_IMPERIALDRAMON_FM,chr419,,1,false,false,true,true,true,true,true,false,false,true,false,
90420,char_IMPERIALDRAMON_PM,chr420,,1,false,false,true,true,true,true,true,false,false,true,false,
90421,char_OPHANIMON,chr421,,1,false,false,true,true,true,true,true,false,false,true,false,
90422,char_CHAOSDRAMON,chr422,,1,false,false,true,true,true,true,true,false,false,true,false,
90423,char_GRANKUWAGAMON,chr423,,1,false,false,true,true,true,true,true,false,false,true,false,
90424,char_SABERLEOMON,chr424,,1,false,false,true,true,true,true,true,false,false,true,false,
90425,char_SAKUYAMON,chr425,,1,false,false,true,true,true,true,true,false,false,true,false,
90426,char_HIANDROMON,chr426,,1,false,false,true,true,true,true,true,false,false,true,false,
90427,char_PIEDMON,chr427,,1,false,false,true,true,true,true,true,false,false,true,false,
90428,char_PINOCHIMON,chr428,,1,false,false,true,true,true,true,true,false,false,true,false,
90429,char_PRINCEMAMEMON,chr429,,1,false,false,true,true,true,true,true,false,false,true,false,
90431,char_BOLTMON,chr431,,1,false,false,true,true,true,true,true,false,false,true,false,
90434,char_METALSEADRAMON,chr434,,1,false,false,true,true,true,true,true,false,false,true,false,
90435,char_LUCEMON_SM,chr435,,1,false,false,true,true,true,true,true,false,false,true,false,
90437,char_PUNIMON,chr437,,1,false,false,true,true,true,true,true,false,false,true,false,
90438,char_TUNOMON,chr438,,1,false,false,true,true,true,true,true,false,false,true,false,
90439,char_BELPHEMON_SM,chr439,,1,false,false,true,true,true,true,true,false,false,true,false,
90440,char_TITAMON,chr440,,1,false,false,true,true,true,true,true,false,false,true,false,
90450,char_PLESIOMON,chr450,,1,false,false,true,true,true,true,true,false,false,true,false,
90451,char_EBEMON,chr451,,1,false,false,true,true,true,true,true,false,false,true,false,
90452,char_CYCLONEMON,chr452,,1,false,false,true,true,true,true,true,false,false,true,false,
90453,char_HOLYDRAMON,chr453,,1,false,false,true,true,true,true,true,false,false,true,false,
90454,char_WASPMON,chr454,,1,false,false,true,true,true,true,true,false,false,true,false,
90455,char_KARATUKINUMEMON,chr455,,1,false,false,true,true,true,true,true,false,false,true,false,
90456,char_REVOLMON,chr456,,1,false,false,true,true,true,true,true,false,false,true,false,
90457,char_DRACUMON,chr457,,1,false,false,true,true,true,true,true,false,false,true,false,
90458,char_MONODRAMON,chr458,,1,false,false,true,true,true,true,true,false,false,true,false,
90459,char_TUNOMON_TITAMON,chr438,,1,false,false,true,true,true,true,true,false,false,true,false,
90461,char_SKULLMAMMON,chr461,,1,false,false,true,true,true,true,true,false,false,true,false,
90463,char_BLIMPMON,chr463,,1,false,false,true,true,true,true,true,false,false,true,false,
90465,char_MASTERBLIMPMON,chr465,,1,false,false,true,true,true,true,true,false,false,true,false,
90466,char_DORIMON,chr466,,1,false,false,true,true,true,true,true,false,false,true,false,
90474,char_DINOHUMON,chr474,,1,false,false,true,true,true,true,true,false,false,true,false,
90479,char_LOADERLIOMON,chr479,,1,false,false,true,true,true,true,true,false,false,true,false,
90484,char_JEWELBEEMON,chr484,,1,false,false,true,true,true,true,true,false,false,true,false,
90489,char_AGUMON_KIZUNA,chr489,,1,false,false,true,true,true,true,true,false,false,true,false,
90490,char_GABUMON_KIZUNA,chr490,,1,false,false,true,true,true,true,true,false,false,true,false,
90491,char_GREATGRYZMON,chr491,,1,false,false,true,true,true,true,true,false,false,true,false,
90492,char_CHARISMON,chr492,,1,false,false,true,true,true,true,true,false,false,true,false,
90494,char_ENBARRMON_CRANIAMON,chr494,,1,false,false,true,true,true,true,true,false,false,true,false,
90510,char_PYOCOMON,chr510,,1,false,false,true,true,true,true,true,false,false,true,false,
90512,char_TANEMON,chr512,,1,false,false,true,true,true,true,true,false,false,true,false,
90514,char_PUKAMON,chr514,,1,false,false,true,true,true,true,true,false,false,true,false,
90515,char_NYAROMON,chr515,,1,false,false,true,true,true,true,true,false,false,true,false,
90548,char_YUNIMON,chr548,,1,false,false,true,true,true,true,true,false,false,true,false,
90563,char_ELECMON,chr563,,1,false,false,true,true,true,true,true,false,false,true,false,
90564,char_ELECMON,chr564,,1,false,false,true,true,true,true,true,false,false,true,false,
90567,char_PAGUMON,chr567,,1,false,false,true,true,true,true,true,false,false,true,false,
90569,char_GAZIMON,chr569,,1,false,false,true,true,true,true,true,false,false,true,false,
90573,char_HYOKOMON,chr573,,1,false,false,true,true,true,true,true,false,false,true,false,
90574,char_BURAIMON,chr574,,1,false,false,true,true,true,true,true,false,false,true,false,
90575,char_BUTEN,chr575,,1,false,false,true,true,true,true,true,false,false,true,false,
90576,char_NANOMON,chr576,,1,false,false,true,true,true,true,true,false,false,true,false,
90577,char_SHAMAMON,chr577,,1,false,false,true,true,true,true,true,false,false,true,false,
90578,char_SNOWGOBURIMON,chr578,,1,false,false,true,true,true,true,true,false,false,true,false,
90579,char_FUGAMON,chr579,,1,false,false,true,true,true,true,true,false,false,true,false,
90580,char_HYOUGAMON,chr580,,1,false,false,true,true,true,true,true,false,false,true,false,
90582,char_OTAMAMON,chr582,,1,false,false,true,true,true,true,true,false,false,true,false,
90584,char_FANTOMON,chr584,,1,false,false,true,true,true,true,true,false,false,true,false,
90586,char_FLYMON,chr586,,1,false,false,true,true,true,true,true,false,false,true,false,
90588,char_MAMMON,chr588,,1,false,false,true,true,true,true,true,false,false,true,false,
90590,char_RAREMON,chr590,,1,false,false,true,true,true,true,true,false,false,true,false,
90592,char_DOKUGUMON,chr592,,1,false,false,true,true,true,true,true,false,false,true,false,
90594,char_GIZAMON,chr594,,1,false,false,true,true,true,true,true,false,false,true,false,
90595,char_GOTTSUMON,chr595,,1,false,false,true,true,true,true,true,false,false,true,false,
90596,char_PUMPMON,chr596,,1,false,false,true,true,true,true,true,false,false,true,false,
90597,char_SNIMON,chr597,,1,false,false,true,true,true,true,true,false,false,true,false,
90598,char_TUSKMON,chr598,,1,false,false,true,true,true,true,true,false,false,true,false,
90600,char_VENOMMYOTISMON,chr600,,1,false,false,true,true,true,true,true,false,false,true,false,
90601,char_WITCHMON,chr601,,1,false,false,true,true,true,true,true,false,false,true,false,
90602,char_MISTYMON,chr602,,1,false,false,true,true,true,true,true,false,false,true,false,
90603,char_MEDIEVALDUKEMON,chr603,,1,false,false,true,true,true,true,true,false,false,true,false,
90604,char_GRACENOVAMON,chr604,,1,false,false,true,true,true,true,true,false,false,true,false,
90605,char_ANOMALOCARIMON,chr605,,1,false,false,true,true,true,true,true,false,false,true,false,
90606,char_HANGYOMON,chr606,,1,false,false,true,true,true,true,true,false,false,true,false,
90607,char_MUSHMON,chr607,,1,false,false,true,true,true,true,true,false,false,true,false,
90609,char_KOKUWAMON,chr609,,1,false,false,true,true,true,true,true,false,false,true,false,
90610,char_KIWIMON,chr610,,1,false,false,true,true,true,true,true,false,false,true,false,
90611,char_FLORAMON,chr611,,1,false,false,true,true,true,true,true,false,false,true,false,
90613,char_CLAVISANGEMON,chr613,,1,false,false,true,true,true,true,true,false,false,true,false,
90614,char_SLASHANGEMON,chr614,,1,false,false,true,true,true,true,true,false,false,true,false,
90615,char_MECHANORIMON,chr615,,1,false,false,true,true,true,true,true,false,false,true,false,
90616,char_MAGNAKIDMON,chr616,,1,false,false,true,true,true,true,true,false,false,true,false,
90617,char_AVENGEKIDMON,chr617,,1,false,false,true,true,true,true,true,false,false,true,false,
90621,char_TANKMON,chr621,,1,false,false,true,true,true,true,true,false,false,true,false,
90622,char_PENMON,chr622,,1,false,false,true,true,true,true,true,false,false,true,false,
90623,char_MUCHOMON,chr623,,1,false,false,true,true,true,true,true,false,false,true,false,
90626,char_KERAMON,chr626,,1,false,false,true,true,true,true,true,false,false,true,false,
90627,char_INFERMON,chr627,,1,false,false,true,true,true,true,true,false,false,true,false,
90629,char_KURAMON,chr629,,1,false,false,true,true,true,true,true,false,false,true,false,
90630,char_KURISARIMON,chr630,,1,false,false,true,true,true,true,true,false,false,true,false,
90631,char_TSUMEMON,chr631,,1,false,false,true,true,true,true,true,false,false,true,false,
90632,char_DIABOROMON,chr632,,1,false,false,true,true,true,true,true,false,false,true,false,
90669,char_ALDAMON,chr669,,1,false,false,true,true,true,true,true,false,false,true,false,
90670,char_BEOWOLFMON,chr670,,1,false,false,true,true,true,true,true,false,false,true,false,
90675,char_MAGNAGARURUMON_SEPARATION,chr675,,1,false,false,true,true,true,true,true,false,false,true,false,
90676,char_AGNIMON,chr676,,1,false,false,true,true,true,true,true,false,false,true,false,
90677,char_KAISERGREYMON,chr677,,1,false,false,true,true,true,true,true,false,false,true,false,
90678,char_MAGNAGARURUMON,chr678,,1,false,false,true,true,true,true,true,false,false,true,false,
90679,char_VRITRAMON,chr679,,1,false,false,true,true,true,true,true,false,false,true,false,
90680,char_WOLFMON,chr680,,1,false,false,true,true,true,true,true,false,false,true,false,
90681,char_GARUMMON,chr681,,1,false,false,true,true,true,true,true,false,false,true,false,
90682,char_SHOUTMON,chr682,,1,false,false,true,true,true,true,true,false,false,true,false,
90683,char_OMEGASHOUTMON,chr683,,1,false,false,true,true,true,true,true,false,false,true,false,
90687,char_HACKMON,chr687,,1,false,false,true,true,true,true,true,false,false,true,false,
90688,char_GANKOOMON,chr688,,1,false,false,true,true,true,true,true,false,false,true,false,
90697,char_ZUBAMON,chr697,,1,false,false,true,true,true,true,true,false,false,true,false,
90698,char_ZUBAEAGERMON,chr698,,1,false,false,true,true,true,true,true,false,false,true,false,
90699,char_DURAMON,chr699,,1,false,false,true,true,true,true,true,false,false,true,false,
90700,char_DURANDAMON,chr700,,1,false,false,true,true,true,true,true,false,false,true,false,
90701,char_TERRIERMON,chr701,,1,false,false,true,true,true,true,true,false,false,true,false,
90702,char_PECKMON,chr702,,1,false,false,true,true,true,true,true,false,false,true,false,
90703,char_LOADKNIGHTMON,chr703,,1,false,false,true,true,true,true,true,false,false,true,false,
90704,char_GROUNDLOCOMON,chr704,,1,false,false,true,true,true,true,true,false,false,true,false,
90705,char_FALCOMON,chr705,,1,false,false,true,true,true,true,true,false,false,true,false,
90706,char_HAWKMON,chr706,,1,false,false,true,true,true,true,true,false,false,true,false,
90707,char_ARMADILLOMON,chr707,,1,false,false,true,true,true,true,true,false,false,true,false,
90708,char_TOYAGUMON,chr708,,1,false,false,true,true,true,true,true,false,false,true,false,
90709,char_SHAKOMON,chr709,,1,false,false,true,true,true,true,true,false,false,true,false,
90710,char_GARGOMON,chr710,,1,false,false,true,true,true,true,true,false,false,true,false,
90711,char_ANKYLOMON,chr711,,1,false,false,true,true,true,true,true,false,false,true,false,
90716,char_FLAMEDRAMON,chr716,,1,false,false,true,true,true,true,true,false,false,true,false,
90718,char_KNIGHTMON,chr718,,1,false,false,true,true,true,true,true,false,false,true,false,
90719,char_CYBERDRAMON,chr719,,1,false,false,true,true,true,true,true,false,false,true,false,
90720,char_SILPHYMON,chr720,,1,false,false,true,true,true,true,true,false,false,true,false,
90721,char_YATAGARAMON,chr721,,1,false,false,true,true,true,true,true,false,false,true,false,
90722,char_RAPIDMON,chr722,,1,false,false,true,true,true,true,true,false,false,true,false,
90723,char_SHAKKOUMON,chr723,,1,false,false,true,true,true,true,true,false,false,true,false,
90724,char_BRAKIMON,chr724,,1,false,false,true,true,true,true,true,false,false,true,false,
90725,char_ULTIMATEBRAKIMON,chr725,,1,false,false,true,true,true,true,true,false,false,true,false,
90726,char_WISEMON,chr726,,1,false,false,true,true,true,true,true,false,false,true,false,
90727,char_CANNONBEEMON,chr727,,1,false,false,true,true,true,true,true,false,false,true,false,
90728,char_SOLARMON,chr728,,1,false,false,true,true,true,true,true,false,false,true,false,
90729,char_GEREMON,chr729,,1,false,false,true,true,true,true,true,false,false,true,false,
90730,char_ICEDEVIMON,chr730,,1,false,false,true,true,true,true,true,false,false,true,false,
90731,char_ANTYLAMON,chr731,,1,false,false,true,true,true,true,true,false,false,true,false,
90732,char_IMPERIALDRAMON_DM,chr732,,1,false,false,true,true,true,true,true,false,false,true,false,
90733,char_DIANAMON,chr733,,1,false,false,true,true,true,true,true,false,false,true,false,
90734,char_CRANIAMON,chr734,,1,false,false,true,true,true,true,true,false,false,true,false,
90735,char_KERPYMON_GOOD,chr735,,1,false,false,true,true,true,true,true,false,false,true,false,
90737,char_JUSTIMON,chr737,,1,false,false,true,true,true,true,true,false,false,true,false,
90738,char_DYNASMON,chr738,,1,false,false,true,true,true,true,true,false,false,true,false,
90739,char_DUFTMON,chr739,,1,false,false,true,true,true,true,true,false,false,true,false,
90740,char_RAVEMON,chr740,,1,false,false,true,true,true,true,true,false,false,true,false,
90741,char_SAINTGALGOMON,chr741,,1,false,false,true,true,true,true,true,false,false,true,false,
90742,char_LOTOSMON,chr742,,1,false,false,true,true,true,true,true,false,false,true,false,
90743,char_DUFTMON_LM,chr743,,1,false,false,true,true,true,true,true,false,false,true,false,
90744,char_GAIOMON,chr744,,1,false,false,true,true,true,true,true,false,false,true,false,
90745,char_TIGERVESPAMON,chr745,,1,false,false,true,true,true,true,true,false,false,true,false,
90747,char_MINERVAMON,chr747,,1,false,false,true,true,true,true,true,false,false,true,false,
90748,char_MASTEMON,chr748,,1,false,false,true,true,true,true,true,false,false,true,false,
90749,char_JESMON,chr749,,1,false,false,true,true,true,true,true,false,false,true,false,
90750,char_LOPMON,chr750,,1,false,false,true,true,true,true,true,false,false,true,false,
90751,char_RAPIDMON_ARMOR,chr751,,1,false,false,true,true,true,true,true,false,false,true,false,
90752,char_PLATINUM_SCUMON,chr752,,1,false,false,true,true,true,true,true,false,false,true,false,
90753,char_BLACKKINGNUMEMON,chr753,,1,false,false,true,true,true,true,true,false,false,true,false,
90754,char_KUZUHAMON,chr754,,1,false,false,true,true,true,true,true,false,false,true,false,
90755,char_SOCERIMON,chr755,,1,false,false,true,true,true,true,true,false,false,true,false,
90756,char_INSEKIMON,chr756,,1,false,false,true,true,true,true,true,false,false,true,false,
90757,char_OMEGAMON_ZWART,chr757,,1,false,false,true,true,true,true,true,false,false,true,false,
90758,char_ICEMON,chr758,,1,false,false,true,true,true,true,true,false,false,true,false,
90759,char_TUCHIDARUMON,chr759,,1,false,false,true,true,true,true,true,false,false,true,false,
90760,char_GUARDROMON_GL,chr760,,1,false,false,true,true,true,true,true,false,false,true,false,
90766,char_ALPHAMON_OURYUKEN,chr766,,1,false,false,true,true,true,true,true,false,false,true,false,
90767,char_BACCHUSMON_DRUNK,chr767,,1,false,false,true,true,true,true,true,false,false,true,false,
90770,char_TANKDRAMON,chr770,,1,false,false,true,true,true,true,true,false,false,true,false,
90771,char_DARKDRAMON,chr771,,1,false,false,true,true,true,true,true,false,false,true,false,
90772,char_CHAOSMON,chr772,,1,false,false,true,true,true,true,true,false,false,true,false,
90773,char_VALKYRIMON,chr773,,1,false,false,true,true,true,true,true,false,false,true,false,
90774,char_KERPYMON_BAD,chr774,,1,false,false,true,true,true,true,true,false,false,true,false,
90775,char_BEELZEMON_BM,chr775,,1,false,false,true,true,true,true,true,false,false,true,false,
90776,char_SHINEGREYMON_BM,chr776,,1,false,false,true,true,true,true,true,false,false,true,false,
90777,char_MIRAGEGAOGAMON_BM,chr777,,1,false,false,true,true,true,true,true,false,false,true,false,
90778,char_RAVEMON_BM,chr778,,1,false,false,true,true,true,true,true,false,false,true,false,
90779,char_ROSEMON_BM,chr779,,1,false,false,true,true,true,true,true,false,false,true,false,
90800,char_VULCANUS_LIGHTARM,chr800,,1,false,false,true,true,true,true,true,false,false,true,false,
90801,char_VULCANUS_LEFTARM,chr801,,1,false,false,true,true,true,true,true,false,false,true,false,
90802,char_CHRONOMONROBO_COMPLETE,chr802,,1,false,false,true,true,true,true,true,false,false,true,false,
90804,char_CHRONOMON_BOSS,chr804,,1,false,false,true,true,true,true,true,false,false,true,false,
90805,char_BLACKSHADOW,chr805,,1,false,false,true,true,true,true,true,false,false,true,false,
90808,char_CHRONOMONROBO_COMPLETE,chr808,,1,false,false,true,true,true,true,true,false,false,true,false,
90809,char_VULCANUS_LIGHTARM,chr809,,1,false,false,true,true,true,true,true,false,false,true,false,
90810,char_VULCANUS_LEFTARM,chr810,,1,false,false,true,true,true,true,true,false,false,true,false,
90811,char_SPECIAL_FORCES,chr811,,1,false,false,true,true,true,true,true,false,false,true,false,
90812,char_CHRONOMON_BOSS,chr866,,1,false,false,true,true,true,true,true,false,false,true,false,
90813,char_CHRONOMON_BOSS_RIGHTWING,chr865,,1,false,false,true,true,true,true,true,false,false,true,false,
90814,char_CHRONOMON_BOSS_LEFTWING,chr864,,1,false,false,true,true,true,true,true,false,false,true,false,
90815,char_CHRONOMON_BOSS_LEFTARM,chr866,,1,false,false,true,true,true,true,true,false,false,true,false,
90834,char_JUPITERMON_WRATHMODE_SUB,chr876,,1,false,false,true,true,true,true,true,false,false,true,false,
90835,char_GRACENOVAMON_SUB,chr877,,1,false,false,true,true,true,true,true,false,false,true,false,
90836,char_ENBARRMON_BIG,chr875,,1,false,false,true,true,true,true,true,false,false,true,false,
90837,char_TOYAGUMON_BIG,chr874,,1,false,false,true,true,true,true,true,false,false,true,false,
90844,char_UKKOMON,chr789,,1,false,false,true,true,true,true,true,false,false,true,false,
90863,char_CHARISMON_LAST,chr846,,1,false,false,true,true,true,true,true,false,false,true,false,
90864,char_BEELZEMON_BM_BIG,chr845,,1,false,false,true,true,true,true,true,false,false,true,false,
90865,char_ZANBAMON_BIG,chr844,,1,false,false,true,true,true,true,true,false,false,true,false,
90866,char_LEVIAMON_BIG,chr843,,1,false,false,true,true,true,true,true,false,false,true,false,
90867,char_VULCANUSMON_GUEST_BIG,chr823,,1,false,false,true,true,true,true,true,false,false,true,false,
90868,char_BELPHEMON_SM_BIG,chr841,,1,false,false,true,true,true,true,true,false,false,true,false,
90869,char_LUCEMON_SM_BIG,chr840,,1,false,false,true,true,true,true,true,false,false,true,false,
90870,char_BELPHEMON_RM_BIG,chr839,,1,false,false,true,true,true,true,true,false,false,true,false,
90871,char_INFERMON_BIG,chr838,,1,false,false,true,true,true,true,true,false,false,true,false,
90872,char_SKULLGREYMON_BIG,chr837,,1,false,false,true,true,true,true,true,false,false,true,false,
90873,char_MUGENDRAMON_BIG,chr836,,1,false,false,true,true,true,true,true,false,false,true,false,
90874,char_MILLENNIUMON_BIG,chr835,,1,false,false,true,true,true,true,true,false,false,true,false,
90875,char_DEMON_BIG,chr834,,1,false,false,true,true,true,true,true,false,false,true,false,
90876,char_BARBAMON_BIG,chr833,,1,false,false,true,true,true,true,true,false,false,true,false,
90877,char_TYRANTKABUTERIMON_BIG,chr832,,1,false,false,true,true,true,true,true,false,false,true,false,
90878,char_GUNDRAMON_BIG,chr827,,1,false,false,true,true,true,true,true,false,false,true,false,
90879,char_BREAKDRAMON_BIG,chr828,,1,false,false,true,true,true,true,true,false,false,true,false,
90880,char_PHARAOHMON_BIG,chr829,,1,false,false,true,true,true,true,true,false,false,true,false,
90881,char_VENOMMYOTISMON_BIG,chr830,,1,false,false,true,true,true,true,true,false,false,true,false,
90882,char_RAPIDMON_ARMOR_BIG,chr831,,1,false,false,true,true,true,true,true,false,false,true,false,
90883,char_MAMMON_BIG,chr826,,1,false,false,true,true,true,true,true,false,false,true,false,
90884,char_CLAVISANGEMON_BIG,chr825,,1,false,false,true,true,true,true,true,false,false,true,false,
90885,char_VULCANUSMON_BIG,chr842,,1,false,false,true,true,true,true,true,false,false,true,false,
90886,char_CHRONOMON_BOSS_CORE,chr866,,1,false,false,true,true,true,true,true,false,false,true,false,
90887,char_CHRONOMON_BOSS_WING,chr865,,1,false,false,true,true,true,true,true,false,false,true,false,
90888,char_CHRONOMON_BOSS_ADD_LEFTWING,chr864,,1,false,false,true,true,true,true,true,false,false,true,false,
90889,char_CHRONOMON_BOSS_LEFTARM1,chr866,,1,false,false,true,true,true,true,true,false,false,true,false,
90890,char_CHRONOMON_BOSS_LEFTARM2,chr866,,1,false,false,true,true,true,true,true,false,false,true,false,
90891,char_CHRONOMON_BOSS_LEFTARM4,chr866,,1,false,false,true,true,true,true,true,false,false,true,false,
90892,char_CHRONOMON_BOSS_LEFTARM3,chr866,,1,false,false,true,true,true,true,true,false,false,true,false,
90893,char_CHRONOMON_BOSS_LEFTARM5,chr866,,1,false,false,true,true,true,true,true,false,false,true,false,
90894,char_CHRONOMON_BOSS_LEFTARM6,chr866,,1,false,false,true,true,true,true,true,false,false,true,false,
90895,char_CHRONOMON_BOSS_LEFTARM7,chr866,,1,false,false,true,true,true,true,true,false,false,true,false,
90896,char_CHRONOMON_BOSS_LEFTARM8,chr866,,1,false,false,true,true,true,true,true,false,false,true,false,
90897,char_CHRONOMON_BOSS_LEFTARM9,chr866,,1,false,false,true,true,true,true,true,false,false,true,false,
90898,char_CHRONOMON_BOSS_LEFTARM10,chr866,,1,false,false,true,true,true,true,true,false,false,true,false,
90899,char_CHRONOMON_BOSS_LEFTARM11,chr866,,1,false,false,true,true,true,true,true,false,false,true,false,
90906,char_SHARKMON_BOSS,chr940,,1,false,false,true,true,true,true,true,false,false,true,false,
90907,char_SHARKMON,chr907,,1,false,false,true,true,true,true,true,false,false,true,false,
90908,char_SKULLSEADRAMON,chr908,,1,false,false,true,true,true,true,true,false,false,true,false,
90909,char_SKULLSEADRAMON,chr909,,1,false,false,true,true,true,true,true,false,false,true,false,
90910,char_RAREMON_BIG,chr939,,1,false,false,true,true,true,true,true,false,false,true,false,
90911,char_METALGREYMON_BIG_BL,chr936,,1,false,false,true,true,true,true,true,false,false,true,false,
90912,char_UNDEADPLUTOMON,chr493,,1,false,false,true,true,true,true,true,false,false,true,false,
90913,char_GREYMON_BIG_BL,chr913,,1,false,false,true,true,true,true,true,false,false,true,false,
90914,char_GREYMON_BIG_BL_ADD,chr913,,1,false,false,true,true,true,true,true,false,false,true,false,
90915,char_SKULLBALUCHIMON_TITAMON,chr915,,1,false,false,true,true,true,true,true,false,false,true,false,
90916,char_UNDEADPLUTOMON_BOSS,chr916,,1,false,false,true,true,true,true,true,false,false,true,false,
90917,char_WHAMON_BIG,chr917,,1,false,false,true,true,true,true,true,false,false,true,false,
90918,char_LOCOMON_EVENT,chr918,,1,false,false,true,true,true,true,true,false,false,true,false,
90919,char_ULTIMATEBRAKIMON_BIG,chr919,,1,false,false,true,true,true,true,true,false,false,true,false,
90920,char_ENBARRMON,chr920,,1,false,false,true,true,true,true,true,false,false,true,false,
90921,char_ENBARRMON_CRANIAMON_E,chr921,,1,false,false,true,true,true,true,true,false,false,true,false,
90924,char_BEARMON_OB,chr924,,1,false,false,true,true,true,true,true,false,false,true,false,
90925,char_BEARMON_YB,chr925,,1,false,false,true,true,true,true,true,false,false,true,false,
90926,char_PARROTMON_BIG,chr926,,1,false,false,true,true,true,true,true,false,false,true,false,
90927,char_PARROTMON_BIG_ADD,chr926,,1,false,false,true,true,true,true,true,false,false,true,false,
90928,char_SHARKMON_BOSS_ADD,chr940,,1,false,false,true,true,true,true,true,false,false,true,false,
90929,char_SKULLBALUCHIMON_TITAMON_BIG,chr949,,1,false,false,true,true,true,true,true,false,false,true,false,
90930,char_TITAMON_2,chr950,,1,false,false,true,true,true,true,true,false,false,true,false,
90931,char_TITAMON_ADD,chr950,,1,false,false,true,true,true,true,true,false,false,true,false,
90932,char_SKULLBALUCHIMON,chr949,,1,false,false,true,true,true,true,true,false,false,true,false,
90933,char_CALAMARAMON_ADD,chr930,,1,false,false,true,true,true,true,true,false,false,true,false,
90934,char_SKULLSEADRAMON_ADD,chr934,,1,false,false,true,true,true,true,true,false,false,true,false,
90935,char_VULCANUSMON_ADD,chr842,,1,false,false,true,true,true,true,true,false,false,true,false,
90936,char_UNDEADPLUTOMON_BOSS_ADD1,chr916,,1,false,false,true,true,true,true,true,false,false,true,false,
90937,char_UNDEADPLUTOMON_BOSS_ADD2,chr917,,1,false,false,true,true,true,true,true,false,false,true,false,
90938,char_UNDEADPLUTOMON_BOSS_ADD3,chr918,,1,false,false,true,true,true,true,true,false,false,true,false,
90939,char_UNDEADPLUTOMON_BOSS_ADD4,chr919,,1,false,false,true,true,true,true,true,false,false,true,false,
90940,char_CHARISMON_ADD,chr492,,1,false,false,true,true,true,true,true,false,false,true,false,
90941,char_WITCHMON_ADD,chr601,,1,false,false,true,true,true,true,true,false,false,true,false,
90942,char_APOLLOMON_ADD,chr931,,1,false,false,true,true,true,true,true,false,false,true,false,
90943,char_DIANAMON_ADD,chr824,,1,false,false,true,true,true,true,true,false,false,true,false,
90944,char_JUNOMON_HYSTERICMODE_ADD,chr171,,1,false,false,true,true,true,true,true,false,false,true,false,
90951,char_ORGEMON_BOSS,chr394,,1,false,false,true,true,true,true,true,false,false,true,false,
90952,char_FUGAMON_BOSS,chr579,,1,false,false,true,true,true,true,true,false,false,true,false,
90953,char_HYOUGAMON_BOSS,chr580,,1,false,false,true,true,true,true,true,false,false,true,false,
90954,char_TITAMON,chr937,,1,false,false,true,true,true,true,true,false,false,true,false,
90956,char_CALAMARAMON,chr930,,1,false,false,true,true,true,true,true,false,false,true,false,
90957,char_CYCLONEMON_BIG,chr938,,1,false,false,true,true,true,true,true,false,false,true,false,
90958,char_HANGYOMON,chr606,,1,false,false,true,true,true,true,true,false,false,true,false,
90959,char_OKUWAMON,chr401,,1,false,false,true,true,true,true,true,false,false,true,false,
90960,char_SNIMON,chr597,,1,false,false,true,true,true,true,true,false,false,true,false,
90961,char_DOKUGUMON,chr592,,1,false,false,true,true,true,true,true,false,false,true,false,
90962,char_GRANKUWAGAMON_BIG,chr948,,1,false,false,true,true,true,true,true,false,false,true,false,
90963,char_COREDRAMON_GR,chr209,,1,false,false,true,true,true,true,true,false,false,true,false,
90964,char_SHAMAMON,chr577,,1,false,false,true,true,true,true,true,false,false,true,false,
90965,char_MINOTAURMON,chr017,,1,false,false,true,true,true,true,true,false,false,true,false,
90966,char_CHIMAIRAMON,chr229,,1,false,false,true,true,true,true,true,false,false,true,false,
90967,char_GROUNDRAMON,chr211,,1,false,false,true,true,true,true,true,false,false,true,false,
90968,char_LOTOSMON,chr742,,1,false,false,true,true,true,true,true,false,false,true,false,
90969,char_JUNOMON_HYSTERICMODE,chr171,,1,false,false,true,true,true,true,true,false,false,true,false,
90970,char_NEPTUNEMON_BIG,chr927,,1,false,false,true,true,true,true,true,false,false,true,false,
90971,char_MERCURYMON_BIG,chr928,,1,false,false,true,true,true,true,true,false,false,true,false,
90972,char_OMEGAMON_BIG,chr929,,1,false,false,true,true,true,true,true,false,false,true,false,
90973,char_APOLLOMON_BIG,chr931,,1,false,false,true,true,true,true,true,false,false,true,false,
90974,char_CERESMON_BIG,chr932,,1,false,false,true,true,true,true,true,false,false,true,false,
90975,char_PLUTOMON_BIG,chr933,,1,false,false,true,true,true,true,true,false,false,true,false,
90976,char_JUPITERMON_BIG,chr934,,1,false,false,true,true,true,true,true,false,false,true,false,
90977,char_JUPITERMON_WRATHMODE_BIG,chr935,,1,false,false,true,true,true,true,true,false,false,true,false,
90978,char_KUWAGAMON_BIG,chr942,,1,false,false,true,true,true,true,true,false,false,true,false,
90979,char_GOBURIMON,chr111,,1,false,false,true,true,true,true,true,false,false,true,false,
90980,char_GUARDROMON,chr341,,1,false,false,true,true,true,true,true,false,false,true,false,
90981,char_TANKMON,chr621,,1,false,false,true,true,true,true,true,false,false,true,false,
90982,char_MECHANORIMON,chr615,,1,false,false,true,true,true,true,true,false,false,true,false,
90983,char_HANGYOMON_SCAR,chr944,,1,false,false,true,true,true,true,true,false,false,true,false,
90984,char_HANGYOMON_SCARF,chr945,,1,false,false,true,true,true,true,true,false,false,true,false,
90985,char_JYUREIMON_BIG,chr946,,1,false,false,true,true,true,true,true,false,false,true,false,
90986,char_ANOMALOCARIMON_BIG,chr947,,1,false,false,true,true,true,true,true,false,false,true,false,
90987,char_EXAMON_SMALL,chr906,,1,false,false,true,true,true,true,true,false,false,true,false,
90988,char_DUKEMON_BIG,chr813,,1,false,false,true,true,true,true,true,false,false,true,false,
90989,char_LOADKNIGHTMON_BIG,chr818,,1,false,false,true,true,true,true,true,false,false,true,false,
90990,char_DYNASMON_BIG,chr820,,1,false,false,true,true,true,true,true,false,false,true,false,
90991,char_MAGNAMON_BIG,chr815,,1,false,false,true,true,true,true,true,false,false,true,false,
90992,char_ULFORCEVDRAMON_BIG,chr817,,1,false,false,true,true,true,true,true,false,false,true,false,
90993,char_CRANIAMON_BIG,chr819,,1,false,false,true,true,true,true,true,false,false,true,false,
90994,char_SLEIPMON_BIG,chr812,,1,false,false,true,true,true,true,true,false,false,true,false,
90995,char_DUFTMON_BIG,chr821,,1,false,false,true,true,true,true,true,false,false,true,false,
90996,char_EXAMON_BIG,chr814,,1,false,false,true,true,true,true,true,false,false,true,false,
90997,char_JESMON_BIG,chr822,,1,false,false,true,true,true,true,true,false,false,true,false,
90998,char_ALPHAMON_BIG,chr816,,1,false,false,true,true,true,true,true,false,false,true,false,
90999,char_DIANAMON_BIG,chr824,,1,false,false,true,true,true,true,true,false,false,true,false,
